file,na,r,mpif,model,na,sol,z,bestlp,root,cuts,cuts,cuts,cuts,nodecount,time,status,gap,n_clients
GRID_PSCLP_n100_m1000_d1_100_f10_100_s5.dat, NA ,3.4, MPIF ,NW, nobenders ,792987.5389,792987.5389,792987.5389,-9.25596E+61,8,0,0,0,0,0.336,lpstatus: 101,0,1000
GRID_PSCLP_n100_m1000_d1_100_f10_100_s1.dat, NA ,3.4, MPIF ,NW, nobenders ,402148.3538,402148.3538,402148.3538,-9.25596E+61,18,0,0,0,0,0.715,lpstatus: 101,0,1000
GRID_PSCLP_n100_m1000_d1_100_f10_100_s1.dat, NA ,5.5, MPIF ,NV, nobenders ,81963.46559,81963.46559,81963.46559,77367.84604,88,110,1021,0,1,0.779,lpstatus: 101,0,1000
GRID_PSCLP_n100_m1000_d1_100_f10_100_s5.dat, NA ,5.5, MPIF ,NW, nobenders ,96075.88835,96075.88835,96075.88835,-9.25596E+61,88,0,0,0,0,1.588,lpstatus: 101,0,1000
GRID_PSCLP_n100_m1000_d1_100_f10_100_s1.dat, NA ,5.5, MPIF ,NW, nobenders ,81963.46559,81963.46559,81963.46559,-9.25596E+61,88,0,0,0,0,1.837,lpstatus: 101,0,1000
GRID_PSCLP_n100_m5000_d1_100_f10_100_s1.dat, NA ,5.5, MPIF ,NV, nobenders ,407752.5278,407752.5278,407752.5278,402443.5278,100,36,4908,0,1,3.599,lpstatus: 101,0,5000
GRID_PSCLP_n100_m1000_d1_100_f10_100_s1.dat, NA ,3.4, MPIF ,SW, nobenders ,402148.3538,402148.3538,402148.3538,-9.25596E+61,0,0,0,0,0,3.746,lpstatus: 101,0,1000
GRID_PSCLP_n100_m10000_d1_100_f10_100_s1.dat, NA ,5.5, MPIF ,NV, nobenders ,805234.2126,805234.2126,805234.2126,800003.2126,100,43,66,9749,0,3.792,lpstatus: 101,0,10000
GRID_PSCLP_n100_m1000_d1_100_f10_100_s5.dat, NA ,5.5, MPIF ,NV, nobenders ,96075.88835,96075.88835,96075.88835,82470.72665,88,9,39722,0,1,4.458,lpstatus: 101,0,1000
GRID_PSCLP_n100_m1000_d1_100_f10_100_s5.dat, NA ,5.5, MPIF ,MW, nobenders ,96075.88835,96075.88835,96075.88835,-9.25596E+61,0,0,0,0,0,4.88,lpstatus: 101,0,1000
GRID_PSCLP_n100_m1000_d1_100_f10_100_s1.dat, NA ,5.5, MPIF ,MW, nobenders ,81963.46559,81963.46559,81963.46559,-9.25596E+61,0,0,0,0,0,5.052,lpstatus: 101,0,1000
GRID_PSCLP_n100_m1000_d1_100_f10_100_s5.dat, NA ,3.4, MPIF ,SW, nobenders ,792987.5389,792987.5389,792987.5389,-9.25596E+61,0,0,0,0,0,5.206,lpstatus: 101,0,1000
GRID_PSCLP_n100_m10000_d1_100_f10_100_s5.dat, NA ,5.5, MPIF ,NV, nobenders ,891619.1308,891619.1308,891619.1308,799382.5108,97,67,10246,0,1,5.456,lpstatus: 101,0,10000
GRID_PSCLP_n100_m5000_d1_100_f10_100_s5.dat, NA ,3.4, MPIF ,NW, nobenders ,3832361.881,3832361.881,3832361.881,-9.25596E+61,8,0,0,0,0,7.297,lpstatus: 101,0,5000
GRID_PSCLP_n100_m1000_d1_100_f10_100_s5.dat, NA ,3.4, MPIF ,NV, nobenders ,792987.5389,792987.5389,792987.5389,-9.25596E+61,8,9,51162,0,0,9.135,lpstatus: 101,0,1000
GRID_PSCLP_n100_m1000_d1_100_f10_100_s1.dat, NA ,3.4, MPIF ,NV, nobenders ,402148.3538,402148.3538,402148.3538,77383.64604,18,7,28555,0,0,9.67,lpstatus: 101,0,1000
GRID_PSCLP_n100_m5000_d1_100_f10_100_s1.dat, NA ,3.4, MPIF ,NW, nobenders ,2008692.847,2008692.847,2008692.847,-9.25596E+61,19,0,0,0,0,11.902,lpstatus: 101,0,5000
GRID_PSCLP_n100_m5000_d1_100_f10_100_s5.dat, NA ,5.5, MPIF ,NV, nobenders ,442094.856,442094.856,442094.856,442038.856,95,6,119160,0,0,13.209,lpstatus: 101,0,5000
GRID_PSCLP_n100_m1000_d1_100_f10_100_s1.dat, NA ,3.4, MPIF ,MW, nobenders ,402148.3538,402148.3538,402148.3538,-9.25596E+61,0,0,0,0,0,15.767,lpstatus: 101,0,1000
GRID_PSCLP_n100_m10000_d1_100_f10_100_s5.dat, NA ,3.4, MPIF ,NW, nobenders ,7716118.15,7716118.15,7716118.15,-9.25596E+61,8,0,0,0,0,26.178,lpstatus: 101,0,10000
GRID_PSCLP_n100_m10000_d1_100_f10_100_s1.dat, NA ,3.4, MPIF ,NW, nobenders ,4063222.872,4063222.872,4063222.872,-9.25596E+61,19,0,0,0,0,36.251,lpstatus: 101,0,10000
GRID_PSCLP_n100_m5000_d1_100_f10_100_s5.dat, NA ,5.5, MPIF ,NW, nobenders ,442094.856,442094.856,442094.856,-9.25596E+61,95,0,0,0,0,36.5,lpstatus: 101,0,5000
GRID_PSCLP_n100_m5000_d1_100_f10_100_s1.dat, NA ,5.5, MPIF ,NW, nobenders ,407752.5278,407752.5278,407752.5278,-9.25596E+61,100,0,0,0,0,36.833,lpstatus: 101,0,5000
GRID_PSCLP_n100_m5000_d1_100_f10_100_s1.dat, NA ,3.4, MPIF ,NV, nobenders ,2008692.847,2008692.847,2008692.847,402484.5278,19,27,103078,0,0,37.86,lpstatus: 101,0,5000
GRID_PSCLP_n100_m50000_d1_100_f10_100_s5.dat, NA ,5.5, MPIF ,NV, nobenders ,4462776.955,4462776.955,4462776.955,4043195.605,97,9,282533,0,1,44.958,lpstatus: 101,0,50000
GRID_PSCLP_n100_m5000_d1_100_f10_100_s5.dat, NA ,3.4, MPIF ,NV, nobenders ,3832361.881,3832361.881,3832361.881,-9.25596E+61,8,6,247344,0,0,45.281,lpstatus: 101,0,5000
GRID_PSCLP_n100_m1000_d1_100_f10_100_s5.dat, NA ,3.4, MPIF ,MW, nobenders ,792987.5389,792987.5389,792987.5389,-9.25596E+61,0,0,0,0,0,50.728,lpstatus: 101,0,1000
GRID_PSCLP_n100_m100000_d1_100_f10_100_s1.dat, NA ,5.5, MPIF ,NV, nobenders ,7933101.456,7933101.456,7933101.456,7927213.456,100,135,573,97580,3,55.367,lpstatus: 101,0,100000
GRID_PSCLP_n100_m50000_d1_100_f10_100_s1.dat, NA ,5.5, MPIF ,NV, nobenders ,3970918.151,3970918.151,3970918.151,3965472.151,100,36,65661,0,1,61.233,lpstatus: 101,0,50000
GRID_PSCLP_n100_m10000_d1_100_f10_100_s1.dat, NA ,3.4, MPIF ,NV, nobenders ,4063222.872,4063222.872,4063222.872,2581200.282,19,14,207905,0,0,76.014,lpstatus: 101,0,10000
GRID_PSCLP_n100_m10000_d1_100_f10_100_s5.dat, NA ,5.5, MPIF ,NW, nobenders ,891619.1308,891619.1308,891619.1308,-9.25596E+61,97,0,0,0,0,82.495,lpstatus: 101,0,10000
GRID_PSCLP_n100_m10000_d1_100_f10_100_s1.dat, NA ,5.5, MPIF ,NW, nobenders ,805234.2126,805234.2126,805234.2126,-9.25596E+61,100,0,0,0,0,84.955,lpstatus: 101,0,10000
GRID_PSCLP_n100_m100000_d1_100_f10_100_s5.dat, NA ,5.5, MPIF ,NV, nobenders ,8937077.199,8937077.199,8937077.199,8111546.433,97,27,104778,0,1,88.439,lpstatus: 101,0,100000
GRID_PSCLP_n100_m5000_d1_100_f10_100_s1.dat, NA ,3.4, MPIF ,SW, nobenders ,2008692.847,2008692.847,2008692.847,-9.25596E+61,0,0,0,0,0,94.343,lpstatus: 101,0,5000
GRID_PSCLP_n100_m5000_d1_100_f10_100_s5.dat, NA ,5.5, MPIF ,MW, nobenders ,442094.856,442094.856,442094.856,-9.25596E+61,0,0,0,0,0,95.684,lpstatus: 101,0,5000
GRID_PSCLP_n100_m10000_d1_100_f10_100_s5.dat, NA ,3.4, MPIF ,NV, nobenders ,7716118.15,7716118.15,7716118.15,799438.0108,8,6,495893,0,0,95.806,lpstatus: 101,0,10000
GRID_PSCLP_n100_m5000_d1_100_f10_100_s1.dat, NA ,5.5, MPIF ,MW, nobenders ,407752.5278,407752.5278,407752.5278,-9.25596E+61,0,0,0,0,0,98.375,lpstatus: 101,0,5000
GRID_PSCLP_n100_m5000_d1_100_f10_100_s5.dat, NA ,3.4, MPIF ,SW, nobenders ,3832361.881,3832361.881,3832361.881,-9.25596E+61,0,0,0,0,0,112.506,lpstatus: 101,0,5000
GRID_PSCLP_n100_m10000_d1_100_f10_100_s5.dat, NA ,5.5, MPIF ,MW, nobenders ,891619.1308,891619.1308,891619.1308,-9.25596E+61,0,0,0,0,0,147.666,lpstatus: 101,0,10000
GRID_PSCLP_n100_m10000_d1_100_f10_100_s1.dat, NA ,5.5, MPIF ,MW, nobenders ,805234.2126,805234.2126,805234.2126,-9.25596E+61,0,0,0,0,0,152.984,lpstatus: 101,0,10000
GRID_PSCLP_n100_m10000_d1_100_f10_100_s1.dat, NA ,3.4, MPIF ,SW, nobenders ,4063222.872,4063222.872,4063222.872,-9.25596E+61,0,0,0,0,0,335.267,lpstatus: 101,0,10000
GRID_PSCLP_n100_m10000_d1_100_f10_100_s5.dat, NA ,3.4, MPIF ,SW, nobenders ,7716118.15,7716118.15,7716118.15,-9.25596E+61,0,0,0,0,0,394.652,lpstatus: 101,0,10000
GRID_PSCLP_n100_m5000_d1_100_f10_100_s1.dat, NA ,3.4, MPIF ,MW, nobenders ,2008692.847,2008692.847,2008692.847,-9.25596E+61,0,0,0,0,0,397.18,lpstatus: 101,0,5000
GRID_PSCLP_n100_m50000_d1_100_f10_100_s1.dat, NA ,3.4, MPIF ,NV, nobenders ,20373346.09,20373346.09,20373346.09,3965491.151,19,3,942361,0,1,410.467,lpstatus: 101,0,50000
GRID_PSCLP_n100_m50000_d1_100_f10_100_s5.dat,NA,3.4,MPIF,NV,nobenders,38916346.98,38916346.98,38916346.98,-9.25596E+61,8,11,2497987,0,0,661.763,lpstatus: 101,0,50000
GRID_PSCLP_n100_m50000_d1_100_f10_100_s1.dat, NA ,3.4, MPIF ,SW, nobenders ,-9.25596E+61,-9.25596E+61,0,-9.25596E+61,0,0,0,0,0,671.682,lpstatus: 108,1,50000
GRID_PSCLP_n100_m50000_d1_100_f10_100_s5.dat, NA ,5.5, MPIF ,MW, nobenders ,4462776.955,4462776.955,4462776.955,-9.25596E+61,0,0,0,0,0,743.61,lpstatus: 101,0,50000
GRID_PSCLP_n100_m50000_d1_100_f10_100_s1.dat, NA ,5.5, MPIF ,MW, nobenders ,3970918.151,3970918.151,3970918.151,-9.25596E+61,0,0,0,0,0,764.123,lpstatus: 101,0,50000
GRID_PSCLP_n100_m100000_d1_100_f10_100_s1.dat,NA,3.4,MPIF,NV,nobenders,40748329.88,40748329.88,40748329.88,13482441.61,19,13,1814825,0,1,829.621,lpstatus: 101,0,100000
GRID_PSCLP_n100_m5000_d1_100_f10_100_s5.dat,NA,3.4,MPIF,MW,nobenders,3832361.881,3832361.881,3832361.881,-9.25596E+61,0,0,0,0,0,1363.828,lpstatus: 101,0,5000
GRID_PSCLP_n100_m100000_d1_100_f10_100_s5.dat, NA ,5.5, MPIF ,MW, nobenders ,8937077.199,8937077.199,8937077.199,-9.25596E+61,0,0,0,0,0,1652.086,lpstatus: 101,0,100000
GRID_PSCLP_n100_m100000_d1_100_f10_100_s1.dat, NA ,5.5, MPIF ,MW, nobenders ,7933101.456,7933101.456,7933101.456,-9.25596E+61,0,0,0,0,0,1685.928,lpstatus: 101,0,100000
GRID_PSCLP_n100_m10000_d1_100_f10_100_s1.dat,NA,3.4,MPIF,MW,nobenders,4063222.872,4063222.872,4063222.872,-9.25596E+61,0,0,0,0,0,1894.156,lpstatus: 101,0,10000
GRID_PSCLP_n100_m100000_d1_100_f10_100_s5.dat,NA,3.4,MPIF,NV,nobenders,78206284.64,78206284.64,78206284.64,20003145.18,8,12,5011191,0,1,1966.181,lpstatus: 101,0,100000
GRID_PSCLP_n100_m10000_d1_100_f10_100_s5.dat,NA,3.4,MPIF,MW,nobenders,-9.25596E+61,-9.25596E+61,0,-9.25596E+61,0,0,0,0,0,3600.91,lpstatus: 108,1,10000
GRID_PSCLP_n100_m50000_d1_100_f10_100_s5.dat,NA,3.4,MPIF,SW,nobenders,-9.25596E+61,-9.25596E+61,0,-9.25596E+61,0,0,0,0,0,3601.161,lpstatus: 108,1,50000
GRID_PSCLP_n100_m100000_d1_100_f10_100_s5.dat,NA,3.4,MPIF,SW,nobenders,-9.25596E+61,-9.25596E+61,0,-9.25596E+61,0,0,0,0,0,3601.987,lpstatus: 108,1,100000
GRID_PSCLP_n100_m100000_d1_100_f10_100_s1.dat,NA,3.4,MPIF,SW,nobenders,-9.25596E+61,-9.25596E+61,0,-9.25596E+61,0,0,0,0,0,3602.31,lpstatus: 108,1,100000
GRID_PSCLP_n100_m50000_d1_100_f10_100_s1.dat,NA,3.4,MPIF,MW,nobenders,-9.25596E+61,-9.25596E+61,0,-9.25596E+61,0,0,0,0,0,3602.508,lpstatus: 108,1,50000
GRID_PSCLP_n100_m50000_d1_100_f10_100_s5.dat,NA,3.4,MPIF,MW,nobenders,-9.25596E+61,-9.25596E+61,0,-9.25596E+61,0,0,0,0,0,3604.826,lpstatus: 108,1,50000
GRID_PSCLP_n100_m100000_d1_100_f10_100_s1.dat,NA,3.4,MPIF,MW,nobenders,-9.25596E+61,-9.25596E+61,0,-9.25596E+61,0,0,0,0,0,3605.125,lpstatus: 108,1,100000
GRID_PSCLP_n100_m100000_d1_100_f10_100_s5.dat,NA,3.4,MPIF,MW,nobenders,-9.25596E+61,-9.25596E+61,0,-9.25596E+61,0,0,0,0,0,3610.142,lpstatus: 108,1,100000
GRID_PSCLP_n100_m1000_d1_100_f10_100_s1.dat,NA,5.5,MPIF,SW,nobenders,81963.46559,81963.46559,81963.46559,-9.25596E+61,0,0,0,0,0,1.978,lpstatus: 101,0,1000
GRID_PSCLP_n100_m1000_d1_100_f10_100_s5.dat,NA,5.5,MPIF,SW,nobenders,96075.88835,96075.88835,96075.88835,-9.25596E+61,0,0,0,0,0,1.934,lpstatus: 101,0,1000
GRID_PSCLP_n100_m10000_d1_100_f10_100_s1.dat,NA,5.5,MPIF,SW,nobenders,805234.2126,805234.2126,805234.2126,-9.25596E+61,0,0,0,0,0,88.039,lpstatus: 101,0,10000
GRID_PSCLP_n100_m10000_d1_100_f10_100_s5.dat,NA,5.5,MPIF,SW,nobenders,891619.1308,891619.1308,891619.1308,-9.25596E+61,0,0,0,0,0,82.419,lpstatus: 101,0,10000
GRID_PSCLP_n100_m100000_d1_100_f10_100_s1.dat,NA,5.5,MPIF,SW,nobenders,7933101.456,7933101.456,7933101.456,-9.25596E+61,0,0,0,0,0,1500.992,lpstatus: 101,0,100000
GRID_PSCLP_n100_m100000_d1_100_f10_100_s5.dat,NA,5.5,MPIF,SW,nobenders,8937077.199,8937077.199,8937077.199,-9.25596E+61,0,0,0,0,0,1487.526,lpstatus: 101,0,100000
GRID_PSCLP_n100_m5000_d1_100_f10_100_s1.dat,NA,5.5,MPIF,SW,nobenders,407752.5278,407752.5278,407752.5278,-9.25596E+61,0,0,0,0,0,36.686,lpstatus: 101,0,5000
GRID_PSCLP_n100_m5000_d1_100_f10_100_s5.dat,NA,5.5,MPIF,SW,nobenders,442094.856,442094.856,442094.856,-9.25596E+61,0,0,0,0,0,36.719,lpstatus: 101,0,5000
GRID_PSCLP_n100_m50000_d1_100_f10_100_s1.dat,NA,5.5,MPIF,SW,nobenders,3970918.151,3970918.151,3970918.151,-9.25596E+61,0,0,0,0,0,630.152,lpstatus: 101,0,50000
GRID_PSCLP_n100_m50000_d1_100_f10_100_s5.dat,NA,5.5,MPIF,SW,nobenders,4462776.955,4462776.955,4462776.955,-9.25596E+61,0,0,0,0,0,623.855,lpstatus: 101,0,50000
GRID_PSCLP_n100_m50000_d1_100_f10_100_s1.dat, NA ,3.4, MPIF ,NW, nobenders ,20373346.09,20373346.09,20373346.09,-9.25596E+61,19,0,0,0,0,339.652,lpstatus: 101,0,50000
GRID_PSCLP_n100_m50000_d1_100_f10_100_s5.dat, NA ,3.4, MPIF ,NW, nobenders ,38916346.98,38916346.98,38916346.98,-9.25596E+61,8,0,0,0,0,259.835,lpstatus: 101,0,50000
GRID_PSCLP_n100_m100000_d1_100_f10_100_s1.dat, NA ,3.4, MPIF ,NW, nobenders ,40748329.88,40748329.88,40748329.88,-9.25596E+61,19,0,0,0,0,760.849,lpstatus: 101,0,100000
GRID_PSCLP_n100_m100000_d1_100_f10_100_s5.dat, NA ,3.4, MPIF ,NW, nobenders ,78206284.64,78206284.64,78206284.64,-9.25596E+61,8,0,0,0,0,594.756,lpstatus: 101,0,100000
GRID_PSCLP_n100_m50000_d1_100_f10_100_s1.dat, NA ,5.5, MPIF ,NW, nobenders ,3970918.151,3970918.151,3970918.151,-9.25596E+61,100,0,0,0,0,645.392,lpstatus: 101,0,50000
GRID_PSCLP_n100_m50000_d1_100_f10_100_s5.dat, NA ,5.5, MPIF ,NW, nobenders ,4462776.955,4462776.955,4462776.955,-9.25596E+61,97,0,0,0,0,632.868,lpstatus: 101,0,50000
GRID_PSCLP_n100_m100000_d1_100_f10_100_s1.dat, NA ,5.5, MPIF ,NW, nobenders ,7933101.456,7933101.456,7933101.456,-9.25596E+61,100,0,0,0,0,1507.425,lpstatus: 101,0,100000
GRID_PSCLP_n100_m100000_d1_100_f10_100_s5.dat, NA ,5.5, MPIF ,NW, nobenders ,8937077.199,8937077.199,8937077.199,-9.25596E+61,97,0,0,0,0,1506.183,lpstatus: 101,0,100000
GRID_MCLP_n100_m1000_d1_100_f1_1_s1.dat, NA ,3.4, MPIF ,SW, nobenders ,401206.9859,401206.9859,401206.9859,-9.25596E+61,0,0,0,0,0,3.508,lpstatus: 101,0,1000
GRID_MCLP_n100_m1000_d1_100_f1_1_s5.dat, NA ,3.4, MPIF ,SW, nobenders ,792613.5389,792613.5389,792613.5389,-9.25596E+61,0,0,0,0,0,6.811,lpstatus: 101,0,1000
GRID_MCLP_n100_m5000_d1_100_f1_1_s1.dat, NA ,3.4, MPIF ,SW, nobenders ,2007581.847,2007581.847,2007581.847,-9.25596E+61,0,0,0,0,0,89.444,lpstatus: 101,0,5000
GRID_MCLP_n100_m5000_d1_100_f1_1_s5.dat, NA ,3.4, MPIF ,SW, nobenders ,3831869.881,3831869.881,3831869.881,-9.25596E+61,0,0,0,0,0,170.063,lpstatus: 101,0,5000
GRID_MCLP_n100_m10000_d1_100_f1_1_s1.dat, NA ,3.4, MPIF ,SW, nobenders ,4062194.872,4062194.872,4062194.872,-9.25596E+61,0,0,0,0,0,310.922,lpstatus: 101,0,10000
GRID_MCLP_n100_m10000_d1_100_f1_1_s5.dat, NA ,3.4, MPIF ,SW, nobenders ,7715671.15,7715671.15,7715671.15,-9.25596E+61,0,0,0,0,0,562.809,lpstatus: 101,0,10000
GRID_MCLP_n100_m50000_d1_100_f1_1_s1.dat, NA ,3.4, MPIF ,SW, nobenders ,-9.25596E+61,-9.25596E+61,0,-9.25596E+61,0,0,0,0,0,3601.268,lpstatus: 108,1,50000
GRID_MCLP_n100_m50000_d1_100_f1_1_s5.dat, NA ,3.4, MPIF ,SW, nobenders ,-9.25596E+61,-9.25596E+61,0,-9.25596E+61,0,0,0,0,0,3601.099,lpstatus: 108,1,50000
GRID_MCLP_n100_m100000_d1_100_f1_1_s1.dat, NA ,3.4, MPIF ,SW, nobenders ,-9.25596E+61,-9.25596E+61,0,-9.25596E+61,0,0,0,0,0,3602.266,lpstatus: 108,1,100000
GRID_MCLP_n100_m100000_d1_100_f1_1_s5.dat, NA ,3.4, MPIF ,SW, nobenders ,-9.25596E+61,-9.25596E+61,0,-9.25596E+61,0,0,0,0,0,3602.089,lpstatus: 108,1,100000
GRID_MCLP_n100_m1000_d1_100_f1_1_s1.dat, NA ,3.4, MPIF ,MW, nobenders ,401206.9859,401206.9859,401206.9859,-9.25596E+61,0,0,0,0,0,15.091,lpstatus: 101,0,1000
GRID_MCLP_n100_m1000_d1_100_f1_1_s5.dat, NA ,3.4, MPIF ,MW, nobenders ,792613.5389,792613.5389,792613.5389,-9.25596E+61,0,0,0,0,0,44.401,lpstatus: 101,0,1000
GRID_MCLP_n100_m5000_d1_100_f1_1_s1.dat, NA ,3.4, MPIF ,MW, nobenders ,2007581.847,2007581.847,2007581.847,-9.25596E+61,0,0,0,0,0,425.835,lpstatus: 101,0,5000
GRID_MCLP_n100_m5000_d1_100_f1_1_s5.dat, NA ,3.4, MPIF ,MW, nobenders ,3831869.881,3831869.881,3831869.881,-9.25596E+61,0,0,0,0,0,1429.562,lpstatus: 101,0,5000
GRID_MCLP_n100_m10000_d1_100_f1_1_s1.dat, NA ,3.4, MPIF ,MW, nobenders ,4062194.872,4062194.872,4062194.872,-9.25596E+61,0,0,0,0,0,2026.24,lpstatus: 101,0,10000
GRID_MCLP_n100_m10000_d1_100_f1_1_s5.dat, NA ,3.4, MPIF ,MW, nobenders ,-9.25596E+61,-9.25596E+61,0,-9.25596E+61,0,0,0,0,0,3600.99,lpstatus: 108,1,10000
GRID_MCLP_n100_m50000_d1_100_f1_1_s1.dat, NA ,3.4, MPIF ,MW, nobenders ,-9.25596E+61,-9.25596E+61,0,-9.25596E+61,0,0,0,0,0,3601.355,lpstatus: 108,1,50000
GRID_MCLP_n100_m50000_d1_100_f1_1_s5.dat, NA ,3.4, MPIF ,MW, nobenders ,-9.25596E+61,-9.25596E+61,0,-9.25596E+61,0,0,0,0,0,3603.199,lpstatus: 108,1,50000
GRID_MCLP_n100_m100000_d1_100_f1_1_s1.dat, NA ,3.4, MPIF ,MW, nobenders ,-9.25596E+61,-9.25596E+61,0,-9.25596E+61,0,0,0,0,0,3602.303,lpstatus: 108,1,100000
GRID_MCLP_n100_m100000_d1_100_f1_1_s5.dat, NA ,3.4, MPIF ,MW, nobenders ,-9.25596E+61,-9.25596E+61,0,-9.25596E+61,0,0,0,0,0,3607.529,lpstatus: 108,1,100000
GRID_MCLP_n100_m1000_d1_100_f1_1_s1.dat, NA ,3.4, MPIF ,NV, nobenders ,401206.9859,401206.9859,401206.9859,-9.25596E+61,19,7,17286,0,0,27.02,lpstatus: 101,0,1000
GRID_MCLP_n100_m1000_d1_100_f1_1_s5.dat, NA ,3.4, MPIF ,NV, nobenders ,792613.5389,792613.5389,792613.5389,-9.25596E+61,8,5,49494,0,0,27.852,lpstatus: 101,0,1000
GRID_MCLP_n100_m5000_d1_100_f1_1_s1.dat, NA ,3.4, MPIF ,NV, nobenders ,2007581.847,2007581.847,2007581.847,-9.25596E+61,19,7,88513,0,0,135.918,lpstatus: 101,0,5000
GRID_MCLP_n100_m5000_d1_100_f1_1_s5.dat, NA ,3.4, MPIF ,NV, nobenders ,3831869.881,3831869.881,3831869.881,-9.25596E+61,8,5,246994,0,0,141.713,lpstatus: 101,0,5000
GRID_MCLP_n100_m10000_d1_100_f1_1_s1.dat, NA ,3.4, MPIF ,NV, nobenders ,4062194.872,4062194.872,4062194.872,-9.25596E+61,19,7,179961,0,0,270.181,lpstatus: 101,0,10000
GRID_MCLP_n100_m10000_d1_100_f1_1_s5.dat, NA ,3.4, MPIF ,NV, nobenders ,7715671.15,7715671.15,7715671.15,-9.25596E+61,8,5,495157,0,0,287,lpstatus: 101,0,10000
GRID_MCLP_n100_m50000_d1_100_f1_1_s1.dat, NA ,3.4, MPIF ,NV, nobenders ,20372207.09,20372207.09,20372207.09,-9.25596E+61,19,7,894920,0,0,1484.651,lpstatus: 101,0,50000
GRID_MCLP_n100_m50000_d1_100_f1_1_s5.dat, NA ,3.4, MPIF ,NV, nobenders ,38915925.98,38915925.98,38915925.98,-9.25596E+61,8,5,2492493,0,0,1739.18,lpstatus: 101,0,50000
GRID_MCLP_n100_m100000_d1_100_f1_1_s1.dat, NA ,3.4, MPIF ,NV, nobenders ,40747414.88,40747414.88,40747414.88,-9.25596E+61,19,7,1793923,0,0,2958.532,lpstatus: 101,0,100000
GRID_MCLP_n100_m100000_d1_100_f1_1_s5.dat, NA ,3.4, MPIF ,NV, nobenders ,84412004.52,-9.25596E+61,8111516.433,-9.25596E+61,2,5,4995935,0,0,3638.858,lpstatus: 108,0.903905653,100000
GRID_MCLP_n100_m1000_d1_100_f1_1_s1.dat, NA ,3.4, MPIF ,NW, nobenders ,401206.9859,401206.9859,401206.9859,-9.25596E+61,19,0,0,0,0,0.599,lpstatus: 101,0,1000
GRID_MCLP_n100_m1000_d1_100_f1_1_s5.dat, NA ,3.4, MPIF ,NW, nobenders ,792613.5389,792613.5389,792613.5389,-9.25596E+61,8,0,0,0,0,0.353,lpstatus: 101,0,1000
GRID_MCLP_n100_m5000_d1_100_f1_1_s1.dat, NA ,3.4, MPIF ,NW, nobenders ,2007581.847,2007581.847,2007581.847,-9.25596E+61,19,0,0,0,0,10.779,lpstatus: 101,0,5000
GRID_MCLP_n100_m5000_d1_100_f1_1_s5.dat, NA ,3.4, MPIF ,NW, nobenders ,3831869.881,3831869.881,3831869.881,-9.25596E+61,8,0,0,0,0,6.255,lpstatus: 101,0,5000
GRID_MCLP_n100_m10000_d1_100_f1_1_s1.dat, NA ,3.4, MPIF ,NW, nobenders ,4062194.872,4062194.872,4062194.872,-9.25596E+61,19,0,0,0,0,31.891,lpstatus: 101,0,10000
GRID_MCLP_n100_m10000_d1_100_f1_1_s5.dat, NA ,3.4, MPIF ,NW, nobenders ,7715671.15,7715671.15,7715671.15,-9.25596E+61,8,0,0,0,0,20.213,lpstatus: 101,0,10000
GRID_MCLP_n100_m50000_d1_100_f1_1_s1.dat, NA ,3.4, MPIF ,NW, nobenders ,20372207.09,20372207.09,20372207.09,-9.25596E+61,19,0,0,0,0,339.515,lpstatus: 101,0,50000
GRID_MCLP_n100_m50000_d1_100_f1_1_s5.dat, NA ,3.4, MPIF ,NW, nobenders ,38915925.98,38915925.98,38915925.98,-9.25596E+61,8,0,0,0,0,270.006,lpstatus: 101,0,50000
GRID_MCLP_n100_m100000_d1_100_f1_1_s1.dat, NA ,3.4, MPIF ,NW, nobenders ,40747414.88,40747414.88,40747414.88,-9.25596E+61,19,0,0,0,0,764.373,lpstatus: 101,0,100000
GRID_MCLP_n100_m100000_d1_100_f1_1_s5.dat, NA ,3.4, MPIF ,NW, nobenders ,78205936.64,78205936.64,78205936.64,-9.25596E+61,8,0,0,0,0,604.81,lpstatus: 101,0,100000
GRID_MCLP_n100_m1000_d1_100_f1_1_s1.dat, NA ,5.5, MPIF ,SW, nobenders ,143554.4316,143554.4316,131056.027,0,0,0,0,0,22460,3599.870407,lpstatus: 107,0.087063872,1000
GRID_MCLP_n100_m1000_d1_100_f1_1_s5.dat, NA ,5.5, MPIF ,SW, nobenders ,161670.7463,161670.7463,144472.7806,0,0,0,0,0,18771,3599.865742,lpstatus: 107,0.106376485,1000
GRID_MCLP_n100_m5000_d1_100_f1_1_s1.dat, NA ,5.5, MPIF ,SW, nobenders ,3688710.229,3688710.229,675511.5895,0,0,0,0,0,79,3600.070639,lpstatus: 107,0.816870519,5000
GRID_MCLP_n100_m5000_d1_100_f1_1_s5.dat, NA ,5.5, MPIF ,SW, nobenders ,4421978.467,4421978.467,695847.0726,0,0,0,0,0,26,3599.923987,lpstatus: 107,0.842638973,5000
GRID_MCLP_n100_m10000_d1_100_f1_1_s1.dat, NA ,5.5, MPIF ,SW, nobenders ,0,0,1344608.133,0,0,0,0,0,0,3599.878129,lpstatus: 108,1,10000
GRID_MCLP_n100_m10000_d1_100_f1_1_s5.dat, NA ,5.5, MPIF ,SW, nobenders ,0,0,1411312.248,0,0,0,0,0,0,3600.279345,lpstatus: 108,1,10000
GRID_MCLP_n100_m50000_d1_100_f1_1_s1.dat, NA ,5.5, MPIF ,SW, nobenders ,0,0,0,0,0,0,0,0,0,3600.877143,lpstatus: 108,1,50000
GRID_MCLP_n100_m50000_d1_100_f1_1_s5.dat, NA ,5.5, MPIF ,SW, nobenders ,0,0,0,0,0,0,0,0,0,3601.202357,lpstatus: 108,1,50000
GRID_MCLP_n100_m100000_d1_100_f1_1_s1.dat, NA ,5.5, MPIF ,SW, nobenders ,0,0,0,0,0,0,0,0,0,3600.417259,lpstatus: 108,1,100000
GRID_MCLP_n100_m100000_d1_100_f1_1_s5.dat, NA ,5.5, MPIF ,SW, nobenders ,0,0,0,0,0,0,0,0,0,3598.055303,lpstatus: 108,1,100000
GRID_MCLP_n100_m1000_d1_100_f1_1_s1.dat, NA ,5.5, MPIF ,MW, nobenders ,150113.6064,150113.6064,129827.6364,0,0,0,0,0,1363,3599.52121,lpstatus: 107,0.135137451,1000
GRID_MCLP_n100_m1000_d1_100_f1_1_s5.dat, NA ,5.5, MPIF ,MW, nobenders ,215624.3752,215624.3752,143528.5844,0,0,0,0,0,1379,3599.939705,lpstatus: 107,0.334358259,1000
GRID_MCLP_n100_m5000_d1_100_f1_1_s1.dat, NA ,5.5, MPIF ,MW, nobenders ,3688710.229,3688710.229,676013.5987,0,0,0,0,0,17,3600.153795,lpstatus: 107,0.816734426,5000
GRID_MCLP_n100_m5000_d1_100_f1_1_s5.dat, NA ,5.5, MPIF ,MW, nobenders ,4421978.467,4421978.467,695600.3735,0,0,0,0,0,0,3600.148375,lpstatus: 107,0.842694762,5000
GRID_MCLP_n100_m10000_d1_100_f1_1_s1.dat, NA ,5.5, MPIF ,MW, nobenders ,0,0,0,0,0,0,0,0,0,3600.25969,lpstatus: 108,1,10000
GRID_MCLP_n100_m10000_d1_100_f1_1_s5.dat, NA ,5.5, MPIF ,MW, nobenders ,0,0,0,0,0,0,0,0,0,3600.209422,lpstatus: 108,1,10000
GRID_MCLP_n100_m50000_d1_100_f1_1_s1.dat, NA ,5.5, MPIF ,MW, nobenders ,0,0,0,0,0,0,0,0,0,3601.156447,lpstatus: 108,1,50000
GRID_MCLP_n100_m50000_d1_100_f1_1_s5.dat, NA ,5.5, MPIF ,MW, nobenders ,0,0,0,0,0,0,0,0,0,3601.115988,lpstatus: 108,1,50000
GRID_MCLP_n100_m100000_d1_100_f1_1_s1.dat, NA ,5.5, MPIF ,MW, nobenders ,0,0,0,0,0,0,0,0,0,3599.628735,lpstatus: 108,1,100000
GRID_MCLP_n100_m100000_d1_100_f1_1_s5.dat, NA ,5.5, MPIF ,MW, nobenders ,0,0,0,0,0,0,0,0,0,3599.938,lpstatus: 108,1,100000
GRID_MCLP_n100_m1000_d1_100_f1_1_s1.dat, NA ,5.5, MPIF ,NW, nobenders ,141508.9341,141508.9341,132344.3003,0,20,2246,0,0,21045,3599.820125,lpstatus: 107,0.06476364,1000
GRID_MCLP_n100_m1000_d1_100_f1_1_s5.dat, NA ,5.5, MPIF ,NW, nobenders ,175022.3382,175022.3382,144517.9464,0,20,5170,0,0,13463,3599.786681,lpstatus: 107,0.174288563,1000
GRID_MCLP_n100_m5000_d1_100_f1_1_s1.dat, NA ,5.5, MPIF ,NW, nobenders ,3046183.69,0,669641.3971,0,2,241,0,0,331,3599.849971,lpstatus: 107,0.780170382,5000
GRID_MCLP_n100_m5000_d1_100_f1_1_s5.dat, NA ,5.5, MPIF ,NW, nobenders ,3960155.665,0,691385.6361,0,2,539,0,0,1959,3599.96618,lpstatus: 107,0.825414531,5000
GRID_MCLP_n100_m10000_d1_100_f1_1_s1.dat, NA ,5.5, MPIF ,NW, nobenders ,6153894.271,0,1339150.115,0,2,81,0,0,1,3599.861472,lpstatus: 107,0.782389808,10000
GRID_MCLP_n100_m10000_d1_100_f1_1_s5.dat, NA ,5.5, MPIF ,NW, nobenders ,7982719.936,0,1401812.012,0,2,120,0,0,0,3600.232241,lpstatus: 107,0.824394188,10000
GRID_MCLP_n100_m50000_d1_100_f1_1_s1.dat, NA ,5.5, MPIF ,NW, nobenders ,30774951.46,0,0,0,2,0,0,0,0,3600.987424,lpstatus: 107,1,50000
GRID_MCLP_n100_m50000_d1_100_f1_1_s5.dat, NA ,5.5, MPIF ,NW, nobenders ,40084074.73,0,0,0,2,0,0,0,0,3600.517672,lpstatus: 107,1,50000
GRID_MCLP_n100_m100000_d1_100_f1_1_s1.dat, NA ,5.5, MPIF ,NW, nobenders ,61595172.19,0,0,0,2,0,0,0,0,3601.235369,lpstatus: 107,1,100000
GRID_MCLP_n100_m100000_d1_100_f1_1_s5.dat, NA ,5.5, MPIF ,NW, nobenders ,80609575.54,0,0,0,2,0,0,0,0,3596.80462,lpstatus: 107,1,100000
GRID_MCLP_n100_m1000_d1_100_f1_1_s1.dat, NA ,5.5, MPIF ,NV, nobenders ,139457.8491,139457.8491,139443.9199,128858.5637,20,3689,2592,10303,130224,3265.881833,lpstatus: 102,9.98806E-05,1000
GRID_MCLP_n100_m1000_d1_100_f1_1_s5.dat, NA ,5.5, MPIF ,NV, nobenders ,161439.8972,161439.8972,150736.2276,140796.9,20,7551,1595,13530,59264,3599.806449,lpstatus: 107,0.066301266,1000
GRID_MCLP_n100_m5000_d1_100_f1_1_s1.dat, NA ,5.5, MPIF ,NV, nobenders ,755716.6803,755716.6803,695977.5843,491641.5874,20,2841,6484,54313,7128,3599.751595,lpstatus: 107,0.079049593,5000
GRID_MCLP_n100_m5000_d1_100_f1_1_s5.dat, NA ,5.5, MPIF ,NV, nobenders ,823984.2044,823984.2044,707575.4505,692089.8742,20,5388,20523,54331,4661,3599.789081,lpstatus: 107,0.141275468,5000
GRID_MCLP_n100_m10000_d1_100_f1_1_s1.dat, NA ,5.5, MPIF ,NV, nobenders ,1544212.923,1544212.923,1361908.138,975075.5219,20,2057,11249,101504,1593,3599.80249,lpstatus: 107,0.118056767,10000
GRID_MCLP_n100_m10000_d1_100_f1_1_s5.dat, NA ,5.5, MPIF ,NV, nobenders ,1659427.347,1659427.347,1419027.751,1246288.734,20,3648,10077,98013,1727,3599.80758,lpstatus: 107,0.14486901,10000
GRID_MCLP_n100_m50000_d1_100_f1_1_s1.dat, NA ,5.5, MPIF ,NV, nobenders ,30774951.46,0,6570724.008,6487852.027,2,284,47748,298007,44,3599.814201,lpstatus: 107,0.786491166,50000
GRID_MCLP_n100_m50000_d1_100_f1_1_s5.dat, NA ,5.5, MPIF ,NV, nobenders ,40084074.73,0,6783862.94,6739278.77,2,380,48514,277781,46,3599.815586,lpstatus: 107,0.830759148,50000
GRID_MCLP_n100_m100000_d1_100_f1_1_s1.dat, NA ,5.5, MPIF ,NV, nobenders ,61595172.19,0,12062485.83,12043525.41,2,155,95563,546973,2,3599.857121,lpstatus: 107,0.804165077,100000
GRID_MCLP_n100_m100000_d1_100_f1_1_s5.dat, NA ,5.5, MPIF ,NV, nobenders ,80609575.54,0,12540357.78,12467813.38,2,189,97117,534377,9,3599.7868,lpstatus: 107,0.844430917,100000
